,date,value,type
0,2016-01-05,123.43,open
0,2016-01-05,125.839996,close
1,2016-01-06,125.239998,open
1,2016-01-06,119.980003,close
2,2016-01-07,116.379997,open
2,2016-01-07,114.949997,close
3,2016-01-08,115.480003,open
3,2016-01-08,116.620003,close
4,2016-01-09,115.480003,open
4,2016-01-09,116.620003,close
5,2016-01-10,115.480003,open
5,2016-01-10,116.620003,close
6,2016-01-11,117.010002,open
6,2016-01-11,114.970001,close
7,2016-01-12,115.510002,open
7,2016-01-12,115.550003,close
8,2016-01-13,116.459999,open
8,2016-01-13,112.849998,close
9,2016-01-14,113.510002,open
9,2016-01-14,114.379997,close
10,2016-01-15,113.330002,open
10,2016-01-15,112.529999,close
11,2016-01-16,113.330002,open
11,2016-01-16,112.529999,close
12,2016-01-17,113.330002,open
12,2016-01-17,112.529999,close
13,2016-01-18,113.330002,open
13,2016-01-18,112.529999,close
14,2016-01-19,113.660004,open
14,2016-01-19,110.379997,close
15,2016-01-20,109.059998,open
15,2016-01-20,109.300003,close
16,2016-01-21,109.730003,open
16,2016-01-21,110.0,close
17,2016-01-22,111.879997,open
17,2016-01-22,111.949997,close
18,2016-01-23,111.879997,open
18,2016-01-23,111.949997,close
19,2016-01-24,111.879997,open
19,2016-01-24,111.949997,close
20,2016-01-25,111.32,open
20,2016-01-25,110.120003,close
21,2016-01-26,110.419998,open
21,2016-01-26,111.0,close
22,2016-01-27,110.769997,open
22,2016-01-27,110.709999,close
23,2016-01-28,110.900002,open
23,2016-01-28,112.580002,close
24,2016-01-29,113.349998,open
24,2016-01-29,114.470001,close
25,2016-01-30,113.349998,open
25,2016-01-30,114.470001,close
26,2016-01-31,113.349998,open
26,2016-01-31,114.470001,close
27,2016-02-01,114.0,open
27,2016-02-01,114.5,close
28,2016-02-02,113.25,open
28,2016-02-02,110.559998,close
29,2016-02-03,113.379997,open
29,2016-02-03,114.050003,close
30,2016-02-04,114.080002,open
30,2016-02-04,115.709999,close
31,2016-02-05,115.120003,open
31,2016-02-05,114.019997,close
32,2016-02-06,115.120003,open
32,2016-02-06,114.019997,close
33,2016-02-07,115.120003,open
33,2016-02-07,114.019997,close
34,2016-02-08,113.300003,open
34,2016-02-08,111.160004,close
35,2016-02-09,111.169998,open
35,2016-02-09,110.650002,close
36,2016-02-10,106.730003,open
36,2016-02-10,107.519997,close
37,2016-02-11,105.629997,open
37,2016-02-11,107.129997,close
38,2016-02-12,108.559998,open
38,2016-02-12,107.839996,close
39,2016-02-13,108.559998,open
39,2016-02-13,107.839996,close
40,2016-02-14,108.559998,open
40,2016-02-14,107.839996,close
41,2016-02-15,108.559998,open
41,2016-02-15,107.839996,close
42,2016-02-16,109.110001,open
42,2016-02-16,110.769997,close
43,2016-02-17,110.830002,open
43,2016-02-17,111.239998,close
44,2016-02-18,111.120003,open
44,2016-02-18,111.599998,close
45,2016-02-19,111.370003,open
45,2016-02-19,110.330002,close
46,2016-02-20,111.370003,open
46,2016-02-20,110.330002,close
47,2016-02-21,111.370003,open
47,2016-02-21,110.330002,close
48,2016-02-22,111.360001,open
48,2016-02-22,113.040001,close
49,2016-02-23,112.370003,open
49,2016-02-23,111.889999,close
50,2016-02-24,110.769997,open
50,2016-02-24,111.559998,close
51,2016-02-25,111.599998,open
51,2016-02-25,112.879997,close
52,2016-02-26,113.339996,open
52,2016-02-26,112.75,close
53,2016-02-27,113.339996,open
53,2016-02-27,112.75,close
54,2016-02-28,113.339996,open
54,2016-02-28,112.75,close
55,2016-02-29,113.040001,open
55,2016-02-29,113.32,close
56,2016-03-01,114.269997,open
56,2016-03-01,115.510002,close
57,2016-03-02,115.349998,open
57,2016-03-02,116.779999,close
58,2016-03-03,116.489998,open
58,2016-03-03,117.0,close
59,2016-03-04,116.610001,open
59,2016-03-04,117.190002,close
60,2016-03-05,116.610001,open
60,2016-03-05,117.190002,close
61,2016-03-06,116.610001,open
61,2016-03-06,117.190002,close
62,2016-03-07,116.050003,open
62,2016-03-07,116.949997,close
63,2016-03-08,116.5,open
63,2016-03-08,116.709999,close
64,2016-03-09,117.050003,open
64,2016-03-09,116.489998,close
65,2016-03-10,116.910004,open
65,2016-03-10,116.82,close
66,2016-03-11,117.93,open
66,2016-03-11,120.620003,close
67,2016-03-12,117.93,open
67,2016-03-12,120.620003,close
68,2016-03-13,117.93,open
68,2016-03-13,120.620003,close
69,2016-03-14,120.419998,open
69,2016-03-14,120.629997,close
70,2016-03-15,119.839996,open
70,2016-03-15,120.699997,close
71,2016-03-16,120.349998,open
71,2016-03-16,120.82,close
72,2016-03-17,121.010002,open
72,2016-03-17,124.029999,close
73,2016-03-18,124.25,open
73,2016-03-18,121.269997,close
74,2016-03-19,124.25,open
74,2016-03-19,121.269997,close
75,2016-03-20,124.25,open
75,2016-03-20,121.269997,close
76,2016-03-21,120.860001,open
76,2016-03-21,121.449997,close
77,2016-03-22,121.029999,open
77,2016-03-22,121.470001,close
78,2016-03-23,121.470001,open
78,2016-03-23,119.379997,close
79,2016-03-24,118.889999,open
79,2016-03-24,119.410004,close
80,2016-03-25,118.889999,open
80,2016-03-25,119.410004,close
81,2016-03-26,118.889999,open
81,2016-03-26,119.410004,close
82,2016-03-27,118.889999,open
82,2016-03-27,119.410004,close
83,2016-03-28,119.510002,open
83,2016-03-28,118.720001,close
84,2016-03-29,117.989998,open
84,2016-03-29,117.980003,close
85,2016-03-30,118.400002,open
85,2016-03-30,118.739998,close
86,2016-03-31,118.779999,open
86,2016-03-31,118.660004,close
87,2016-04-01,118.080002,open
87,2016-04-01,119.93,close
88,2016-04-02,118.080002,open
88,2016-04-02,119.93,close
89,2016-04-03,118.080002,open
89,2016-04-03,119.93,close
90,2016-04-04,119.660004,open
90,2016-04-04,117.650002,close
91,2016-04-05,116.400002,open
91,2016-04-05,114.07,close
92,2016-04-06,114.089996,open
92,2016-04-06,115.470001,close
93,2016-04-07,114.739998,open
93,2016-04-07,113.540001,close
94,2016-04-08,114.879997,open
94,2016-04-08,113.410004,close
95,2016-04-09,114.879997,open
95,2016-04-09,113.410004,close
96,2016-04-10,114.879997,open
96,2016-04-10,113.410004,close
97,2016-04-11,114.110001,open
97,2016-04-11,114.639999,close
98,2016-04-12,114.989998,open
98,2016-04-12,115.790001,close
99,2016-04-13,115.809998,open
99,2016-04-13,117.989998,close
100,2016-04-14,118.160004,open
100,2016-04-14,117.720001,close
101,2016-04-15,117.5,open
101,2016-04-15,118.449997,close
102,2016-04-16,117.5,open
102,2016-04-16,118.449997,close
103,2016-04-17,117.5,open
103,2016-04-17,118.449997,close
104,2016-04-18,118.32,open
104,2016-04-18,121.260002,close
105,2016-04-19,121.349998,open
105,2016-04-19,121.68,close
106,2016-04-20,121.099998,open
106,2016-04-20,122.309998,close
107,2016-04-21,122.610001,open
107,2016-04-21,123.010002,close
108,2016-04-22,123.480003,open
108,2016-04-22,123.790001,close
109,2016-04-23,123.480003,open
109,2016-04-23,123.790001,close
110,2016-04-24,123.480003,open
110,2016-04-24,123.790001,close
111,2016-04-25,123.199997,open
111,2016-04-25,123.300003,close
112,2016-04-26,123.959999,open
112,2016-04-26,124.400002,close
113,2016-04-27,124.589996,open
113,2016-04-27,124.690002,close
114,2016-04-28,123.540001,open
114,2016-04-28,124.150002,close
115,2016-04-29,123.800003,open
115,2016-04-29,124.900002,close
116,2016-04-30,123.800003,open
116,2016-04-30,124.900002,close
117,2016-05-01,123.800003,open
117,2016-05-01,124.900002,close
118,2016-05-02,125.440002,open
118,2016-05-02,125.959999,close
119,2016-05-03,124.559998,open
119,2016-05-03,126.269997,close
120,2016-05-04,125.389999,open
120,2016-05-04,126.559998,close
121,2016-05-05,126.660004,open
121,2016-05-05,127.660004,close
122,2016-05-06,127.360001,open
122,2016-05-06,121.559998,close
123,2016-05-07,127.360001,open
123,2016-05-07,121.559998,close
124,2016-05-08,127.360001,open
124,2016-05-08,121.559998,close
125,2016-05-09,122.279999,open
125,2016-05-09,123.440002,close
126,2016-05-10,123.889999,open
126,2016-05-10,125.510002,close
127,2016-05-11,125.699997,open
127,2016-05-11,124.209999,close
128,2016-05-12,124.440002,open
128,2016-05-12,123.889999,close
129,2016-05-13,123.910004,open
129,2016-05-13,122.970001,close
130,2016-05-14,123.910004,open
130,2016-05-14,122.970001,close
131,2016-05-15,123.910004,open
131,2016-05-15,122.970001,close
132,2016-05-16,123.120003,open
132,2016-05-16,123.910004,close
133,2016-05-17,123.400002,open
133,2016-05-17,123.410004,close
134,2016-05-18,123.220001,open
134,2016-05-18,125.269997,close
135,2016-05-19,124.519997,open
135,2016-05-19,125.120003,close
136,2016-05-20,125.150002,open
136,2016-05-20,125.57,close
137,2016-05-21,125.150002,open
137,2016-05-21,125.57,close
138,2016-05-22,125.150002,open
138,2016-05-22,125.57,close
139,2016-05-23,125.480003,open
139,2016-05-23,125.949997,close
140,2016-05-24,126.129997,open
140,2016-05-24,126.620003,close
141,2016-05-25,127.080002,open
141,2016-05-25,126.459999,close
142,2016-05-26,126.360001,open
142,2016-05-26,126.610001,close
143,2016-05-27,126.510002,open
143,2016-05-27,127.910004,close
144,2016-05-28,126.510002,open
144,2016-05-28,127.910004,close
145,2016-05-29,126.510002,open
145,2016-05-29,127.910004,close
146,2016-05-30,126.510002,open
146,2016-05-30,127.910004,close
147,2016-05-31,128.5,open
147,2016-05-31,128.020004,close
148,2016-06-01,127.669998,open
148,2016-06-01,128.070007,close
149,2016-06-02,127.989998,open
149,2016-06-02,128.75,close
150,2016-06-03,127.809998,open
150,2016-06-03,127.480003,close
151,2016-06-04,127.809998,open
151,2016-06-04,127.480003,close
152,2016-06-05,127.809998,open
152,2016-06-05,127.480003,close
153,2016-06-06,127.699997,open
153,2016-06-06,127.68,close
154,2016-06-07,128.050003,open
154,2016-06-07,129.25,close
155,2016-06-08,128.990005,open
155,2016-06-08,129.029999,close
156,2016-06-09,128.729996,open
156,2016-06-09,129.580002,close
157,2016-06-10,128.869995,open
157,2016-06-10,127.010002,close
158,2016-06-11,128.869995,open
158,2016-06-11,127.010002,close
159,2016-06-12,128.869995,open
159,2016-06-12,127.010002,close
160,2016-06-13,127.099998,open
160,2016-06-13,125.470001,close
161,2016-06-14,124.720001,open
161,2016-06-14,124.959999,close
162,2016-06-15,125.949997,open
162,2016-06-15,124.139999,close
163,2016-06-16,123.339996,open
163,2016-06-16,124.839996,close
164,2016-06-17,124.669998,open
164,2016-06-17,125.330002,close
165,2016-06-18,124.669998,open
165,2016-06-18,125.330002,close
166,2016-06-19,124.669998,open
166,2016-06-19,125.330002,close
167,2016-06-20,126.510002,open
167,2016-06-20,126.269997,close
168,2016-06-21,126.540001,open
168,2016-06-21,127.330002,close
169,2016-06-22,127.089996,open
169,2016-06-22,126.489998,close
170,2016-06-23,127.940002,open
170,2016-06-23,127.650002,close
171,2016-06-24,121.0,open
171,2016-06-24,117.010002,close
172,2016-06-25,121.0,open
172,2016-06-25,117.010002,close
173,2016-06-26,121.0,open
173,2016-06-26,117.010002,close
174,2016-06-27,114.660004,open
174,2016-06-27,113.400002,close
175,2016-06-28,113.809998,open
175,2016-06-28,117.559998,close
176,2016-06-29,118.339996,open
176,2016-06-29,121.0,close
177,2016-06-30,121.360001,open
177,2016-06-30,124.309998,close
178,2016-07-01,124.480003,open
178,2016-07-01,124.0,close
179,2016-07-02,124.480003,open
179,2016-07-02,124.0,close
180,2016-07-03,124.480003,open
180,2016-07-03,124.0,close
181,2016-07-04,124.480003,open
181,2016-07-04,124.0,close
182,2016-07-05,120.190002,open
182,2016-07-05,123.480003,close
183,2016-07-06,123.32,open
183,2016-07-06,124.870003,close
184,2016-07-07,124.279999,open
184,2016-07-07,124.440002,close
185,2016-07-08,126.040001,open
185,2016-07-08,125.059998,close
186,2016-07-09,126.040001,open
186,2016-07-09,125.059998,close
187,2016-07-10,126.040001,open
187,2016-07-10,125.059998,close
188,2016-07-11,125.099998,open
188,2016-07-11,125.519997,close
189,2016-07-12,125.889999,open
189,2016-07-12,127.199997,close
190,2016-07-13,127.610001,open
190,2016-07-13,126.419998,close
191,2016-07-14,127.620003,open
191,2016-07-14,126.040001,close
192,2016-07-15,126.400002,open
192,2016-07-15,124.589996,close
193,2016-07-16,126.400002,open
193,2016-07-16,124.589996,close
194,2016-07-17,126.400002,open
194,2016-07-17,124.589996,close
195,2016-07-18,124.830002,open
195,2016-07-18,123.980003,close
196,2016-07-19,123.199997,open
196,2016-07-19,124.169998,close
197,2016-07-20,124.510002,open
197,2016-07-20,124.0,close
198,2016-07-21,123.68,open
198,2016-07-21,123.330002,close
199,2016-07-22,123.220001,open
199,2016-07-22,123.940002,close
200,2016-07-23,123.220001,open
200,2016-07-23,123.940002,close
201,2016-07-24,123.220001,open
201,2016-07-24,123.940002,close
202,2016-07-25,123.57,open
202,2016-07-25,124.0,close
203,2016-07-26,124.290001,open
203,2016-07-26,123.760002,close
204,2016-07-27,123.830002,open
204,2016-07-27,124.269997,close
205,2016-07-28,124.010002,open
205,2016-07-28,123.739998,close
206,2016-07-29,123.419998,open
206,2016-07-29,123.620003,close
207,2016-07-30,123.419998,open
207,2016-07-30,123.620003,close
208,2016-07-31,123.419998,open
208,2016-07-31,123.620003,close
209,2016-08-01,123.870003,open
209,2016-08-01,123.839996,close
210,2016-08-02,123.610001,open
210,2016-08-02,123.169998,close
211,2016-08-03,123.510002,open
211,2016-08-03,123.82,close
212,2016-08-04,123.559998,open
212,2016-08-04,124.089996,close
213,2016-08-05,121.730003,open
213,2016-08-05,119.919998,close
214,2016-08-06,121.730003,open
214,2016-08-06,119.919998,close
215,2016-08-07,121.730003,open
215,2016-08-07,119.919998,close
216,2016-08-08,119.57,open
216,2016-08-08,120.589996,close
217,2016-08-09,120.290001,open
217,2016-08-09,121.230003,close
218,2016-08-10,121.650002,open
218,2016-08-10,121.82,close
219,2016-08-11,121.860001,open
219,2016-08-11,122.75,close
220,2016-08-12,122.510002,open
220,2016-08-12,121.470001,close
221,2016-08-13,122.510002,open
221,2016-08-13,121.470001,close
222,2016-08-14,122.510002,open
222,2016-08-14,121.470001,close
223,2016-08-15,122.0,open
223,2016-08-15,121.529999,close
224,2016-08-16,121.370003,open
224,2016-08-16,121.480003,close
225,2016-08-17,121.900002,open
225,2016-08-17,121.93,close
226,2016-08-18,121.739998,open
226,2016-08-18,122.559998,close
227,2016-08-19,122.099998,open
227,2016-08-19,122.720001,close
228,2016-08-20,122.099998,open
228,2016-08-20,122.720001,close
229,2016-08-21,122.099998,open
229,2016-08-21,122.720001,close
230,2016-08-22,122.550003,open
230,2016-08-22,122.949997,close
231,2016-08-23,123.239998,open
231,2016-08-23,123.110001,close
232,2016-08-24,123.099998,open
232,2016-08-24,122.209999,close
233,2016-08-25,121.809998,open
233,2016-08-25,122.209999,close
234,2016-08-26,122.580002,open
234,2016-08-26,122.989998,close
235,2016-08-27,122.580002,open
235,2016-08-27,122.989998,close
236,2016-08-28,122.580002,open
236,2016-08-28,122.989998,close
237,2016-08-29,123.150002,open
237,2016-08-29,123.919998,close
238,2016-08-30,124.18,open
238,2016-08-30,123.940002,close
239,2016-08-31,123.989998,open
239,2016-08-31,124.010002,close
240,2016-09-01,124.0,open
240,2016-09-01,124.849998,close
241,2016-09-02,125.5,open
241,2016-09-02,126.529999,close
242,2016-09-03,125.5,open
242,2016-09-03,126.529999,close
243,2016-09-04,125.5,open
243,2016-09-04,126.529999,close
244,2016-09-05,125.5,open
244,2016-09-05,126.529999,close
245,2016-09-06,126.82,open
245,2016-09-06,127.660004,close
246,2016-09-07,127.660004,open
246,2016-09-07,128.550003,close
247,2016-09-08,127.860001,open
247,2016-09-08,125.419998,close
248,2016-09-09,124.389999,open
248,2016-09-09,122.040001,close
249,2016-09-10,124.389999,open
249,2016-09-10,122.040001,close
250,2016-09-11,124.389999,open
250,2016-09-11,122.040001,close
251,2016-09-12,121.709999,open
251,2016-09-12,125.25,close
252,2016-09-13,124.0,open
252,2016-09-13,123.089996,close
253,2016-09-14,122.900002,open
253,2016-09-14,122.300003,close
254,2016-09-15,122.230003,open
254,2016-09-15,125.120003,close
255,2016-09-16,124.230003,open
255,2016-09-16,123.949997,close
256,2016-09-17,124.230003,open
256,2016-09-17,123.949997,close
257,2016-09-18,124.230003,open
257,2016-09-18,123.949997,close
258,2016-09-19,124.599998,open
258,2016-09-19,124.68,close
259,2016-09-20,125.93,open
259,2016-09-20,125.68,close
260,2016-09-21,125.870003,open
260,2016-09-21,128.399994,close
261,2016-09-22,129.0,open
261,2016-09-22,129.179993,close
262,2016-09-23,128.710007,open
262,2016-09-23,128.089996,close
263,2016-09-24,128.710007,open
263,2016-09-24,128.089996,close
264,2016-09-25,128.710007,open
264,2016-09-25,128.089996,close
265,2016-09-26,127.809998,open
265,2016-09-26,128.0,close
266,2016-09-27,128.419998,open
266,2016-09-27,128.899994,close
267,2016-09-28,128.639999,open
267,2016-09-28,127.989998,close
268,2016-09-29,128.089996,open
268,2016-09-29,129.789993,close
269,2016-09-30,129.169998,open
269,2016-09-30,132.770004,close
270,2016-10-01,129.169998,open
270,2016-10-01,132.770004,close
271,2016-10-02,129.169998,open
271,2016-10-02,132.770004,close
272,2016-10-03,132.449997,open
272,2016-10-03,132.110001,close
273,2016-10-04,132.0,open
273,2016-10-04,131.570007,close
274,2016-10-05,131.380005,open
274,2016-10-05,131.960007,close
275,2016-10-06,131.820007,open
275,2016-10-06,132.089996,close
276,2016-10-07,132.309998,open
276,2016-10-07,131.059998,close
277,2016-10-08,132.309998,open
277,2016-10-08,131.059998,close
278,2016-10-09,132.309998,open
278,2016-10-09,131.059998,close
279,2016-10-10,131.940002,open
279,2016-10-10,131.020004,close
280,2016-10-11,130.520004,open
280,2016-10-11,128.729996,close
281,2016-10-12,129.029999,open
281,2016-10-12,129.889999,close
282,2016-10-13,128.940002,open
282,2016-10-13,127.910004,close
283,2016-10-14,128.690002,open
283,2016-10-14,128.369995,close
284,2016-10-15,128.690002,open
284,2016-10-15,128.369995,close
285,2016-10-16,128.690002,open
285,2016-10-16,128.369995,close
286,2016-10-17,128.649994,open
286,2016-10-17,127.089996,close
287,2016-10-18,128.550003,open
287,2016-10-18,128.009995,close
288,2016-10-19,128.460007,open
288,2016-10-19,128.759995,close
289,2016-10-20,127.379997,open
289,2016-10-20,127.480003,close
290,2016-10-21,126.339996,open
290,2016-10-21,126.790001,close
291,2016-10-22,126.339996,open
291,2016-10-22,126.790001,close
292,2016-10-23,126.339996,open
292,2016-10-23,126.790001,close
293,2016-10-24,127.330002,open
293,2016-10-24,127.290001,close
294,2016-10-25,127.089996,open
294,2016-10-25,126.449997,close
295,2016-10-26,126.129997,open
295,2016-10-26,126.110001,close
296,2016-10-27,126.650002,open
296,2016-10-27,125.629997,close
297,2016-10-28,125.889999,open
297,2016-10-28,125.650002,close
298,2016-10-29,125.889999,open
298,2016-10-29,125.650002,close
299,2016-10-30,125.889999,open
299,2016-10-30,125.650002,close
300,2016-10-31,126.260002,open
300,2016-10-31,125.900002,close
301,2016-11-01,126.519997,open
301,2016-11-01,124.330002,close
302,2016-11-02,124.489998,open
302,2016-11-02,122.970001,close
303,2016-11-03,123.120003,open
303,2016-11-03,123.669998,close
304,2016-11-04,120.239998,open
304,2016-11-04,116.779999,close
305,2016-11-05,120.239998,open
305,2016-11-05,116.779999,close
306,2016-11-06,120.239998,open
306,2016-11-06,116.779999,close
307,2016-11-07,119.120003,open
307,2016-11-07,117.690002,close
308,2016-11-08,117.129997,open
308,2016-11-08,118.790001,close
309,2016-11-09,117.010002,open
309,2016-11-09,118.0,close
310,2016-11-10,118.669998,open
310,2016-11-10,122.269997,close
311,2016-11-11,121.550003,open
311,2016-11-11,121.480003,close
312,2016-11-12,121.550003,open
312,2016-11-12,121.480003,close
313,2016-11-13,121.550003,open
313,2016-11-13,121.480003,close
314,2016-11-14,120.959999,open
314,2016-11-14,122.489998,close
315,2016-11-15,123.730003,open
315,2016-11-15,123.330002,close
316,2016-11-16,123.169998,open
316,2016-11-16,122.669998,close
317,2016-11-17,122.790001,open
317,2016-11-17,124.599998,close
318,2016-11-18,124.790001,open
318,2016-11-18,124.82,close
319,2016-11-19,124.790001,open
319,2016-11-19,124.82,close
320,2016-11-20,124.790001,open
320,2016-11-20,124.82,close
321,2016-11-21,125.099998,open
321,2016-11-21,123.889999,close
322,2016-11-22,124.370003,open
322,2016-11-22,124.82,close
323,2016-11-23,124.82,open
323,2016-11-23,124.559998,close
324,2016-11-24,124.82,open
324,2016-11-24,124.559998,close
325,2016-11-25,124.550003,open
325,2016-11-25,125.300003,close
326,2016-11-26,124.550003,open
326,2016-11-26,125.300003,close
327,2016-11-27,124.550003,open
327,2016-11-27,125.300003,close
328,2016-11-28,124.82,open
328,2016-11-28,124.370003,close
329,2016-11-29,124.760002,open
329,2016-11-29,124.379997,close
330,2016-11-30,125.5,open
330,2016-11-30,124.370003,close
331,2016-12-01,125.099998,open
331,2016-12-01,121.419998,close
332,2016-12-02,121.43,open
332,2016-12-02,119.940002,close
333,2016-12-03,121.43,open
333,2016-12-03,119.940002,close
334,2016-12-04,121.43,open
334,2016-12-04,119.940002,close
335,2016-12-05,120.690002,open
335,2016-12-05,121.480003,close
336,2016-12-06,121.480003,open
336,2016-12-06,124.760002,close
337,2016-12-07,124.900002,open
337,2016-12-07,124.75,close
338,2016-12-08,125.190002,open
338,2016-12-08,123.0,close
339,2016-12-09,122.800003,open
339,2016-12-09,122.790001,close
340,2016-12-10,122.800003,open
340,2016-12-10,122.790001,close
341,2016-12-11,122.800003,open
341,2016-12-11,122.790001,close
342,2016-12-12,122.639999,open
342,2016-12-12,121.209999,close
343,2016-12-13,126.449997,open
343,2016-12-13,124.459999,close
344,2016-12-14,124.0,open
344,2016-12-14,122.260002,close
345,2016-12-15,122.800003,open
345,2016-12-15,122.370003,close
346,2016-12-16,122.440002,open
346,2016-12-16,122.330002,close
347,2016-12-17,122.440002,open
347,2016-12-17,122.330002,close
348,2016-12-18,122.440002,open
348,2016-12-18,122.330002,close
349,2016-12-19,122.32,open
349,2016-12-19,123.629997,close
350,2016-12-20,124.330002,open
350,2016-12-20,123.839996,close
351,2016-12-21,123.900002,open
351,2016-12-21,122.989998,close
352,2016-12-22,122.519997,open
352,2016-12-22,122.849998,close
353,2016-12-23,123.089996,open
353,2016-12-23,124.489998,close
354,2016-12-24,123.089996,open
354,2016-12-24,124.489998,close
355,2016-12-25,123.089996,open
355,2016-12-25,124.489998,close
356,2016-12-26,123.089996,open
356,2016-12-26,124.489998,close
357,2016-12-27,124.57,open
357,2016-12-27,124.279999,close
358,2016-12-28,124.300003,open
358,2016-12-28,122.379997,close
359,2016-12-29,122.449997,open
359,2016-12-29,122.169998,close
360,2016-12-30,122.589996,open
360,2016-12-30,122.279999,close
